<?xml version="1.0" encoding="UTF-8" standalone="yes"?>
<addon id="repository.kodiunderground" name="Kodi Underground" version="1.0.2" provider-name="Prilly">
	<extension point="xbmc.addon.repository" name="Kodi Underground">
       <info>http://kodi.speedbox.me/svn_kodi/trunk/addons.xml</info>
       <checksum>http://kodi.speedbox.me/svn_kodi/trunk/addons.xml.md5</checksum>
       <datadir zip="true">http://kodi.speedbox.me/svn_kodi/trunk/</datadir>	
	</extension>
	<extension point="xbmc.addon.metadata">
		<summary>Kodi Underground</summary>
		<description>Kodi Underground - Unofficial Kodi repository</description>
		<disclaimer>The owners and submitters to this repository do not host or distribute any of the content displayed by these addons nor do they have any affiliation with the content providers.</disclaimer>
		<platform>all</platform>
	</extension>
</addon>
