<?xml version="1.0" encoding="UTF-8" standalone="yes"?>
<addon id="service.subtitles.subhd"
       name="Sub HD"
       version="1.0.3"
       provider-name="taxigps">
  <requires>
    <import addon="xbmc.python" version="2.1.0"/>
    <import addon="script.module.beautifulsoup4" version="4.3.2"/>
  </requires>
  <extension point="xbmc.subtitle.module"
             library="service.py" />
  <extension point="xbmc.addon.metadata">
    <summary lang="en">Sub HD subtitle</summary>
    <summary lang="zh">Sub HD 字幕</summary>
    <description lang="en">Search and download subtitles from www.subhd.com</description>
    <description lang="zh">从 www.subhd.com 下载字幕</description>
  </extension>
</addon>
